{
  "activation": "sigmoid",
  "l2": 0.04727381534237722,
  "l2_1": 0.07275854097919236,
  "l2_2": 0.07628361490840738,
  "units": 32
}