{
  "filters": 12,
  "filters_1": 3,
  "filters_2": 10,
  "filters_3": 10,
  "filters_4": 10,
  "filters_5": 4,
  "filters_6": 6,
  "l2": 0.09317110489324357,
  "l2_1": 0.03729960128461915,
  "l2_2": 0.09939877584207985,
  "l2_3": 0.025661027295049654,
  "repetitions": 1,
  "repetitions_1": 5,
  "repetitions_2": 1,
  "repetitions_3": 7,
  "repetitions_4": 1,
  "repetitions_5": 5,
  "repetitions_6": 2,
  "repetitions_7": 7
}